{
  "files": {
    "doms_vs_injury.md": {
      "size": 17495,
      "mtime": 1763040792851598500
    },
    "gym_beginner_split.md": {
      "size": 24628,
      "mtime": 1763040813026514000
    },
    "habit_micro_library.md": {
      "size": 14737,
      "mtime": 1763040836702009900
    },
    "health check.md": {
      "size": 813,
      "mtime": 1763040845587152200
    },
    "healthcheck_parq.md": {
      "size": 16038,
      "mtime": 1763040868030263900
    },
    "hiit_cautions.md": {
      "size": 2057,
      "mtime": 1763040877937525800
    },
    "nutrition_plate_quick.md": {
      "size": 20021,
      "mtime": 1763040920259493300
    },
    "recovery_basics.md": {
      "size": 17535,
      "mtime": 1763040939638111900
    },
    "red_flags.md": {
      "size": 16446,
      "mtime": 1763040956027189700
    },
    "rpe_scale.md": {
      "size": 1457,
      "mtime": 1763040967128575900
    },
    "sick_day_rule.md": {
      "size": 1623,
      "mtime": 1763040982130235600
    },
    "training_weekly_basics.md": {
      "size": 3998,
      "mtime": 1763040992223665300
    },
    "warmup_cooldown.md": {
      "size": 20168,
      "mtime": 1763041006951017400
    }
  },
  "fingerprint": "995ceec6a6f2f38e936da2015b1b34c8",
  "last_build_ts": 1763807441.0893834,
  "last_scan_ts": 1763044131.1315753
}