{
  "files": {},
  "fingerprint": "d41d8cd98f00b204e9800998ecf8427e",
  "last_build_ts": 1763017055.122944,
  "last_scan_ts": 1763017055.277118
}